Mot,Définitions
Bonjour,"[""Formule de politesse amicale ou formelle et souvent mot d'introduction lors d'une rencontre. Il permet de saluer. Selon le moment de la journée, on utilisera bonjour ou bonsoir."", ""Formule de politesse utilisée lorsqu'on quitte quelqu'un."", 'Interjection pour marquer une réticence, un refus.', ""(Très rare) Formule de politesse utilisée lorsqu'on quitte quelqu'un au téléphone :"", ""par formalisme, à la place de au revoir, puisque l'on ne peut pas voir son interlocuteur au téléphone ou que l'on ne l'a jamais rencontré,"", ""éventuellement, pour signifier à son interlocuteur que l'on a pas envie de le revoir, alors qu'il s'attendrait à la formule courante au revoir."", 'salutation.']"
Salut,"['Conservation ou rétablissement dans un état heureux, dans un état convenable.', 'Cessation de danger, recouvrement de la sécurité.', ""Fait d'échapper à la damnation, de parvenir à la félicité éternelle."", 'Salut du Saint Sacrement, qui est une cérémonie qui comporte essentiellement la bénédiction du saint sacrement.', 'Action de saluer.', 'Bonjour.', 'Au revoir.', 'Formule exclamative de souhait, de civilité, employée aussi dans le préambule des lois et ordonnances, dans les lettres patentes des rois, dans les bulles des papes, dans les mandements des archevêques et évêques, etc.']"
Coucou,"['Salut amical et familier.', ""Avion vétuste et n'inspirant pas la confiance."", 'Espèce de primevère jaune.', 'Cri dont les enfants se servent en jouant à cache-cache.', 'Salut amical et familier.']"
Allô,"[""Au téléphone Pour être sûr que la personne à qui on s'adresse écoute. En particulier au début de la conversation téléphonique."", ""Pour être sûr que la personne à qui on s'adresse écoute."", 'Salutations, aussi utilisé dans les conversations non téléphoniques pour donner ses salutations.']"
Yo,['Synonyme de salut']
Allô,"[""Au téléphone Pour être sûr que la personne à qui on s'adresse écoute. En particulier au début de la conversation téléphonique."", ""Pour être sûr que la personne à qui on s'adresse écoute."", 'Salutations, aussi utilisé dans les conversations non téléphoniques pour donner ses salutations.']"
Content,"['Satisfait, heureux.', ""S'estimant beaucoup, au-dessus de son mérite."", 'Ne désirant rien de plus ou de mieux.', ""Plein, soul, dans l'expression."", 'Du verbe conter :', ""Troisième personne du pluriel du présent de l'indicatif."", 'Troisième personne du pluriel du présent du subjonctif.']"
Heureux,"['Qui jouit du bonheur, qui possède ce qui peut le rendre content.', 'Se dit la condition, de la situation, de la vie de celui qui est heureux.', 'Favorisé par la vie ou par son sort.', 'Qui rend fortuné, qui procure du plaisir ou qui est favorable et avantageux.', 'et ,', '…', '…', 'Qui annonce de la prospérité, qui promet de la bonne fortune, ou qui prévient favorablement.', ""Choses sujettes à quelque danger, lorsqu'elles arrivent sans accident."", ""Se dit d'une chute ou de quelque autre chose de fâcheux qui n'a pas eu de mauvaise suite."", 'Dans une acception plus étendue, qui est bon, excellent, distingué, rare en son genre.', ""Substantif de l'adjectif : personnes heureuses. Il s'emploie surtout au pluriel.""]"
Joyeux,"['Qui a de la joie, qui  est rempli de joie.', '…', '…', 'Qui exprime la joie.', 'Qui donne, qui inspire de la joie.', '…', ""Relatif à Joué-l'Abbé, commune française située dans le département de la Sarthe.""]"
Satisfait,"['Qui est content.', ""par substantivation  Personne qui est contente d'elle-même, de son sort, etc.""]"
Ravi,"['Enchanté, très content.', 'Participe passé masculin singulier du verbe ravir.']"
Comblé,"['Satisfait.', 'Rempli.', 'Ravi.', 'Participe passé masculin singulier du verbe combler.']"
Triste,"['Qui est affligé, qui éprouve du chagrin.', ""Qui est mélancolique, qui n'a point de gaieté."", 'et ,', 'Qui marque de la tristesse, du chagrin, de la mélancolie.', 'Se dit également de ce qui est inspiré par le chagrin, par la mélancolie.', 'Qui est affligeant, chagrinant, qui inspire de la mélancolie.', 'Qui est obscur, sombre, morose.', ""Qui est pénible, fâcheux, difficile à supporter; dans cette acception, il ne s'emploie guère qu'avec le verbe être pris impersonnellement."", 'Qui est malheureux, funeste.', 'Qui est piètre, regrettable, déplorable; en ce sens, il précède toujours le nom.']"
Malheureux,"['Qui porte malheur, qui annonce ou qui cause du malheur.', 'Qui est funeste, désastreux.', ""Qui n'est pas heureux."", '…', 'Qui est misérable, digne de pitié.', ""Ce Qui est médiocre, de peu d'importance, négligeable."", 'Celui, celle qui est vil et méprisable.']"
Mélancolique,"['Qui se livre à la mélancolie.', 'Dépressif, triste, chagrin.', 'Personne atteinte de mélancolie.']"
Affligé,"[""Qui a de l'affliction."", 'Se dit quelquefois en plaisantant et par antiphrase.', ""Personne qui a de l'affliction."", 'Du verbe affliger.']"
Déprimé,"[""Qui souffre de dépression nerveuse.']"
Peiné,"[""Du verbe peiner. S'emploie adjectivement et signifie Qui a de la peine, du chagrin."", ""Qui trahit beaucoup de peine, d'effort, de travail.""]"
Aujourd'hui,"['À la date présente, le jour même.', 'De nos jours.', ""Date quelconque par rapport à une autre qui en est très proche. Dans ce sens, on l'oppose ordinairement à demain ou à hier."", 'Présent, temps présent, contemporanéité.']"
Ce jour,"[""ou  Aujourd'hui.""]"
Présentement,['Dans le temps actuel.']
Actuellement,"[""Au moment où l'on parle, à présent, présentement."", 'En acte.']"
Maintenant,"[""À l'instant présent ou dans la période de temps actuelle plus ou moins étendue."", 'À partir de cet instant, désormais, dorénavant.', 'Du verbe maintenir.']"
De nos jours,"[""À notre époque; actuellement, à présent, présentement."", 'En acte.']"
Bien,"['Opposé du mal.', 'Probité, vertu.', 'Possession en argent, en immeubles ou autrement.', 'Maison de campagne, propriété rurale.', ""Marque un certain degré de perfection et d'utilité."", 'Beaucoup, fort, très.', 'Environ.', ""De bonnes grâce. Souligne l'acceptation."", 'Qui est considéré comme agissant bien.']"
Bon,"[""Qui à des qualités conformes à ce ce que l'on attendait de lui."", 'Ce qui est avantageux, favorable, utile, convenable.', 'Généreux, qui fait le bien.', ""Conforme aux normes, à la raison, à la justice, à la morale, au devoir, à l'honnêteté."", ""D'un goût agréable."", ""D'une certaine intensité."", 'Désigne ce qui est bon.', ""Formule qu'on met au bas de certains effets de commerce pour rappeler la somme mentionnée dans le corps de l'écrit."", ""Substantif de l'adjectif : personne bonne."", 'Document, le plus souvent en papier, qui donne droit à quelque chose en échange.', 'bataillon.', 'Exclamation poussée pour metre fin à une attente et relancer autre chose, pour exprimer une décision.', ""On s'en sert quelquefois par antiphrase et pour se plaindre."", ""Exprime l'étonnement, le doute, l'incrédulité, l'insouciance.""]"
Correct,"[""Où il n'y a point de fautes. Il se dit surtout du style, de l'expression et du langage."", 'Qui est conforme aux règles de la morale, aux usages du monde.']"
Juste,"['Qui est conforme au droit, à la raison et à la justice.', 'Qui est fondé, légitime.', ""Qui est exact, ou qui s'ajuste bien, qui convient bien, qui est tel qu'il doit être."", ""Qui est plus court, plus étroit, etc., qu'il ne faut. Note : Dans ce sens, il se dit surtout des vêtements, et on l'emploie souvent avec les adverbes:bien, trop, etc."", 'Qualifie une arme qui porte droit au but.', 'Qui a le caractère de la justesse et du bon sens.', 'Qui apprécie bien, qui juge des choses avec exactitude.', 'Par exclamation.', 'Personne ou chose qui est conforme au droit, à la raison et à la justice.', ""Personnes qui jugent ou qui agissent selon l'équité."", 'Celui qui observe exactement les devoirs de la religion, qui unit la piété à la vertu.', ""Un peu plus court, plus étroit, etc., qu'il ne faudrait"", 'Dans la juste proportion, ou exactement, Comme il faut.', 'Il a aussi la signification de précisément.']"
Agréable,"['Qui procure un sentiment de légère gaieté, de bonheur ou encore de bien-être.', 'Ce qui est agréable.', 'Personne qui cherche à plaire.']"
Excellent,"['Qui excelle; qui possède toutes les qualités requises, très bon.', 'Interjection exprimant la satisfaction que quelque chose est très bien, très bon.', ""Interjection exprimant qu'on apprécie une anecdote, souvent utilisée lorsque cette anecdote ridiculise quelqu'un, le terme ayant une nuance ironique dans ce cas."", ""Troisième personne du pluriel de l'indicatif présent du verbe exceller."", 'Troisième personne du pluriel du subjonctif présent du verbe exceller.']"
Colère,"['Réaction désordonnée, vive et parfois violente, contre ce qui blesse un sentiment.', 'Qui est sujet à se mettre en colère.', ""Première personne du singulier de l'indicatif présent du verbe colérer."", ""Troisième personne du singulier de l'indicatif présent du verbe colérer."", 'Première personne du singulier du subjonctif présent du verbe colérer.', 'Troisième personne du singulier du subjonctif présent du verbe colérer.', ""Deuxième personne du singulier de l'impératif du verbe colérer.""]"
Rage,"[ 'Signifie au figuré violent transport de dépit, de colère, de haine, de cruauté, etc.', ""Il se dit aussi, figurément et familièrement, d'une violente passion, d'un penchant outré, d'un goût excessif."", 'Il se dit surtout, figurément, des choses.', 'Du verbe rager.']"
Furie,"[""Mythologie,  Divinité infernale qui avaient l'emploi de tourmenter les méchants, les criminels, soit dans les enfers, soit sur la terre."", 'Femme très méchante et très emportée.', 'Emportement de colère, par référence à la fureur vengeresse qui animait incessamment les Furies.', 'Simple mécontentement.', ""Mouvement violent et impétueux d'un animal irrité."", ""Impétuosité de colère, d'attaque."", ""Impétuosité d'action, action rapide."", 'Passion excessive et déraisonnable.', 'Grande violence des choses.', ""État le plus violent d'une chose, sa plus grande intensité."", ""Morceau d'un mouvement vif, dans un ballet, avec un caractère analogue à l'action des passions violentes."", 'Ancienne étoffe de soie des Indes, ainsi nommée des figures hideuses qui y étaient imprimées.']"
Irritation,"[""État d'une personne irritée, effervescence violente de l'esprit."", ""Action de ce qui irrite les membranes, les organes, les nerfs, etc., ou l'état d'inflammation douloureuse qui en résulte."", ""Colère plus ou moins contenue et mêlée d'impatience.""]"
Exaspération,"[""Action d'exaspérer ou état de ce qui est exaspéré.""]"
Emportement,"[""Action de s'emporter."", 'Emportement de colère.']"
Vivre,"['Être doué de vie, être en vie.', 'Dérouler le cours de sa vie.', 'Se développer, respirer, grandir, pour un organisme biologique.', 'Employer utilement sa vie, jouir de la vie.', 'Dévotion religieuse Connaître une vie spirituelle, mystique.', 'Fournir les moyens de subsister, de se soutenir.', 'Faire des dépenses , pour sa table, pour ses vêtements, etc. , mener un train de vie.', ""Passer sa vie selon les divers états que l'on embrasse,  les différents lieux que l'on habite, dans une situation heureuse ou malheureuse, etc."", 'Être soumis au gouvernement politique, aux lois, aux usages du pays dans lequel on demeure.', ""Se sentir et s'éprouver soi-même en tout point de son être."", 'Durer, subsister, passer à la postérité.', ""Se nourrir, s'alimenter."", 'Se conduire, se comporter bien ou mal, eu égard à la morale, à la religion.', ""Être en commerce, partager la vie de quelqu'un."", ""Être avec quelqu'un dans un état de concubinage, cohabiter."", ""Le subjonctif s'emploie comme formule d'acclamation."", ""Marque l'estime qu'on porte envers quelque chose."", ""S'emploie aussi comme verbe transitif."", 'ou  Fait de vivre.', 'Nourriture.', 'Guivre, serpent tortueux.']"
Habiter,"[""Faire sa demeure, son séjour en quelque lieu ; y vivre d'habitude."", 'Il est souvent intransitif.', 'En termes de jurisprudence,']"
Demeurer,"[""S'arrêter assez longtemps en un lieu. (Conjugué avec l'auxiliaire être.)"", ""Habiter, loger, faire son logement. (Conjugué avec l'auxiliaire avoir.)"", 'Être à demeure, être permanent ou, tenir, persister, durer.', 'Se trouver, rester, être dans un certain état.', ""Ce qui est conservé, laissé ou dévolu à quelqu'un."", ""Être de reste; et, dans cette acception, on l'emploie presque toujours impersonnellement.""]"
Subsister,"[""Exister encore, continuer d'être ; dans ce sens, ne peut se dire que des choses."", ""Demeurer en force et en vigueur ; se dit particulièrement des lois, des traités qu'on invoque, des propositions qu'on avance, etc."", ""Vivre et s'entretenir.""]"
Survivre,"['Demeurer en vie après une autre personne.', 'Vivre encore après la perte de ce qui était important dans sa vie.', ""Laisser après soi quelque chose ou quelqu'un qui perpétue le souvenir du nom qu'on portait, des qualités, des talents qu'on possédait.""]"
Exister,"[""Être actuellement, avoir l'être."", 'Être, se trouver ou avoir lieu actuellement.', 'Vivre.', ""Avec la négation, Ne pas exister, en prétendant réduire ou nier l'importance.""]"
Vite,"['Rapide, qui se meut avec célérité, avec promptitude ; se dit surtout dans le sport, sinon plutôt des animaux et des choses dont le mouvement est rapide.', 'Rapidement, avec vitesse.', ',']"
Rapidement,"[""Avec rapidité, d'une manière rapide."", 'À grande vitesse.']"
Promptement,['Avec promptitude.']
Prestement,"[""D'une manière preste, vivement, promptement.""]"
Activement,"[""D'une manière active."", ""À la voix active, c'est-à-dire d'un verbe qui a un complément direct.""]"
Hâtivement,"['Avant le temps ordinaire (en parlant de la culture de fleurs ou de fruits).', 'En se hâtant.']"
Temps,"['Climat.', 'Dimension dans laquelle on peut mesurer un écart entre le déroulement de deux événements.', ""Mesure d'un écart dans cette dimension ; durée des choses."", 'Durée.', ""Un chronomètre permet de mesure le temps qui s'écoule entre deux évènements."", 'Époque, période.', 'Phase, étape.', 'Unité divisant une mesure dans une partition.']"
Moment,"['Un instant.', '(Le moment linéaire ou impulsion ou quantité de mouvement est le produit m v de la masse par la vitesse.)', ""En physique, une force appliquée autour d'un axe. (force de rotation)."", ""Le moment par rapport au point d'une force s'exerçant au point , est le vecteur :""]"
Heure,"['Unité de mesure du temps, compatible avec le Système international, dérivée de la seconde, dont le symbole est h.', ':* 1 heure = 60 minutes = 3600 secondes.', 'Ce temps lui-même.', 'Une des vingt-quatre divisions de la journée, durant soixante minutes.', ""L'époque, le moment du jour considérés par rapport au temps, aux heures écoulées depuis minuit ou depuis midi."", ""Indication de l'heure qu'il est, donnée par une horloge, par une montre, etc."", ""quelquefois Les signes d'un cadran qui servent à l'indication des heures."", ""Moment qu'on indique, qu'on fixe pour un rendez-vous, pour une affaire, etc."", ""Moment de la journée où l'on fait habituellement quelque chose."", 'Divers moments de la journée, par rapport à la manière dont on les passe, dont on les emploie.', 'plus largement Temps, moment, époque quelconque.', ""avec l'adjectif possessif Temps, moment où quelque chose doit arriver à quelqu'un."", 'Le moment de la mort.', 'souvent Moment, temps, époque.', ""Unité d'angle valant 15 degrés."", 'Utilisé pour indiquer les directions approximatives.', ""Livre d'heures.""]"
Période,"[""Temps qu'une chose met à accomplir les phases de sa durée."", 'Intervalle de temps au bout duquel un phénomène ou un groupe de phénomènes se reproduit dans les mêmes conditions.', ""Révolution d'un astre tournant autour d'un autre."", 'Demie-vie.', ""Une des subdivisions de l'échelle des temps géologiques."", ""Enchaînement logique et ordonné de propositions dont le sens complet demeure en suspens jusqu'à leur point final. Phrase dont l'assemblage des éléments, si variés qu'ils soient, est harmonieux."", 'Espace de temps.', ""Quantité fixe la plus petite qui puisse s'ajouter à la variable sans changer la valeur de la fonction."", ""Phase d'une maladie."", 'Inverse de la fréquence.', 'Le point, le degré où une chose, une personne est arrivée.']"
Époque,"[""Moment de l'histoire qui ordinairement est marqué par quelque événement considérable."", 'Ère géologique.', ""Moment où, d'après les calculs, une planète doit être à tel point de son orbite."", 'Physiologie Menstrues.', ""Toute partie de la durée considérée par rapport à ce qui s'y passe, à ce qu'on y fait.""]"
Durée,"['Espace de temps pendant lequel une chose dure.', 'Il se dit absolument du Temps, de la succession non interrompue des moments.', 'Qualité vécue et subjective du temps, par opposition au temps objectif et mesurable.', 'Du verbe durer.']"
Climat,"[""Ensemble des conditions atmosphériques et météorologiques d'une région géographique donnée pendant un temps donnée."", 'Pays.', 'Atmosphère, ambiance.']"
Météo,"['Les conditions climatiques, les prévisions météorologique.', 'Bulletin (des prévision)s météorologiques.', 'Organisme qui est chargé des études météorologiques.']"
Atmosphère,"[""Couche d'air qui environne la Terre."", ""Unité de mesure de pression correspondant à la pression conventionnelle exercée par l'atmosphère terrestre au niveau de la mer."", 'Tout fluide subtil et élastique qui enveloppe un corps et en suit les mouvements.', ""Air qu'on respire quelque part."", 'Ambiance.']"
Environnement,"['Ce qui est aux environs ; ce qui entoure.', 'Nature.', ""On peut parler également d'environnement de travail.""]"
Condition,"[""Nature, état ou qualité d'une chose ou d'une personne."", ""Qualité d'un objet par rapport à sa destination."", 'Examen.', 'Établissement où se faisait cet essai.', ""textile Essai et examen des textiles aux divers points de vue de l'humidité, du poids, de la solidité, etc."", ""État d'une personne considérée par rapport à sa naissance."", ""Profession, l'état dont on est, la fortune qu'on possède."", 'Domesticité, et, en ce sens, on le dit souvent absolument.', ""Situation où l'on se trouve."", ""Parti avantageux ou désavantageux que l'on fait à quelqu'un dans une affaire."", 'Il se dit encore des clauses, charges, obligations, moyennant lesquelles on fait quelque chose.', 'Préalable, ce sans quoi un être ou un objet ne pourrait exister.', 'Postulat nécessaire.']"
Manger,"['Mâcher et avaler un aliment dans le but de se nourrir.', 'Prendre un repas.', 'Consumer, dissiper en folles dépenses.', ""Consumer en absorbant, en rongeant, en minant, en détruisant d'autres choses, en parlant des choses."", ""Ce qu'on mange, ce dont on se nourrit."", 'Fait de se nourrir.']"
Consommer,"[""Détruire et dénaturer par l'usage certains objets, comme vin, viande, bois, et toutes sortes de provisions."", ""Il se dit, à peu près dans le même sens, en parlant d'une chose qui exige, pour sa préparation, pour son assaisonnement, une quantité assez considérable d'une autre chose."", ""Cuire complètement pour extraire les sucs, le gout afin d'obtenir un consommé."", 'Boire, manger, dépenser.', 'Achever, accomplir.', 'Prendre effet.']"
Dévorer,"['Manger une proie en la déchirant avec les dents.', 'Avaler goulûment, manger avidement.', 'Manger entièrement sans rien laisser, surtout en parlant des animaux destructeurs.', 'Lire un livre avec avidité, avec une extrême promptitude.', 'Parcourir un espace, une distance, avec une extrême rapidité.', 'Ne pas laisser paraître, cacher un sentiment.', 'Consumer, détruire.', ""Produire un effet violent en nous , comme la faim et la soif, quand elles sont devenues pressantes, comme les affections morbides, les longues peines d'esprit, les passions très ardentes.""]"
Ingérer,"['Physiologie Introduire une substance dans le corps.', ""Se mêler de quelque chose sans en avoir le droit, l'autorisation, ou sans en être requis.""]"
Avaler,"[""Faire descendre par le gosier dans l'estomac."", 'Manger ou boire rapidement; manger sans mâcher ou en mâchant à peine.', 'Parcourir, absorber rapidement.', 'Croire.', 'Accepter, supporter.', 'Abaisser, faire descendre.', 'Couper près du tronc.', ""Suivre le courant de la rivière, vers l'aval."", 'Pendre, descendre trop bas.']"
Bouffer,"['Enfler les joues.', ""Se soutenir de soi-même, avoir du volume au lieu de s'aplatir, en parlant de certaines étoffes."", ""Maçonnerie Gonfler, en parlant de Plâtre et Pousser en dehors, en parlant d'un Mur."", ""Enfler dans le four par l'effet de la chaleur, en parlant d'un Pain."", ""Souffler une bête tuée pour lui donner l'apparence de volume."", 'Manger.', 'Consommer excessivement.', 'Détester, avoir des discours agressifs sur une catégorie sociale.', 'Accaparer, absorber.', 'Se disputer.']"
Amour,"[""Sentiment intense et agréable qui incite les êtres à s'unir."", ""Affection profonde pour quelqu'un ou quelque chose."", 'Plaisir, intérêt.', 'Copulation, relation sexuelle.', ""Quelqu'un de très aimable, agréable, que tout le monde aime."", ""L'objet de l'affection, du sentiment éprouvé."", ""Représentation d'un petit enfant, d'un putti ou d'un ange, en peinture et en sculpture, allégorie du dieu Amour."", '(Féminin pluriel) Relations amoureuses, sentiments passionnés, passions charnelles.', 'État de fermentation propre à la végétation.', ""Par altruisme Désir d'accomplir le bien d'autrui."", ""Les dernières gouttes d'une bouteille de vin.""]"
Affection,"[""Sentiment qui fait qu'on aime quelque personne avec attachement, qu'on se plaît à quelque chose, qu'on s'y porte avec ardeur."", ""Divers mouvements de l'âme."", 'Maladie.']"
Tendresse,"[""Qualité de ce qui est tendre ; il ne se dit qu'au sens moral de la sensibilité à l'amitié, à l'amour, aux affections de la nature."", 'Amour.', ""Caresses, témoignages d'affection.""]"
Passion,"['Grandes douleurs, souffrance.', 'Vif sentiment.', 'Sentiment amoureux.', 'Inclination, penchant, goût.']"
Adoration,"[""Action d'adorer."", ""Cérémonie qui se pratique à l'égard d'un pape nouvellement élu, lorsqu'il est mis sur l'autel après son élection et que les cardinaux vont lui rendre honneur."", 'Amour, attachement extrême.']"
Désir,"['Action de désirer ; résultat de cette action.', 'Pulsion charnelle.']"
Excellent,"['Qui excelle; qui possède toutes les qualités requises, très bon.', 'Interjection exprimant la satisfaction que quelque chose est très bien, très bon.', ""Interjection exprimant qu'on apprécie une anecdote, souvent utilisée lorsque cette anecdote ridiculise quelqu'un, le terme ayant une nuance ironique dans ce cas."", ""Troisième personne du pluriel de l'indicatif présent du verbe exceller."", 'Troisième personne du pluriel du subjonctif présent du verbe exceller.']"
Remarquable,"[""Qui mérite d'être remarqué, qui attire l'attention.""]"
Exceptionnel,"['Qui est relatif à une exception.', ""Qui est en dehors de l'ordinaire.""]"
Admirable,"[""Qui mérite, qui attire l'admiration."", ""Sert à marquer qu'on est surpris ou choqué de ce que quelqu'un dit ou fait.""]"
Parfait,"['Qui réunit toutes les qualités, sans nul mélange de défauts.', ""Qui n'a que des qualités, qui est accompli dans son genre."", 'Ironiquement. Doit être antéposé.', ': Un parfait imbécile.', ': Un parfait coquin.', 'Qui est complet, total.', ""Se dit d'une partie fermée sans points isolés."", ""Temps de l'indicatif ou du subjonctif qui marque une action passée, par rapport au moment où l'on parle , perfectif."", 'Crème glacée, en forme de pain de sucre.', ""Chez les cathares, croyant qui avait reçu le baptême de l'esprit, le consolamentum, et qui recherchait de manière permanente la perfection.""]"
Formidable,"['Fantastique, extraordinaire.', 'Qui inspire ou qui est de nature à inspirer une très grande crainte.', 'Chope de bière contenant 100 centilitres (1 litre), servie dans les brasseries.']"
Mal,"['Mauvais.', 'Il est encore employé dans les expressions :', 'Il est aussi employé comme adjectif invariable dans les expressions suivantes :', ""De mauvaise manière, autrement qu'il ne faut, qu'il ne convient, qu'on ne désirerait."", 'Se dit en parlant du visage, de la tournure, des manières.', 'Ce qui est refusé par une doctrine, un dogme religieux.', 'Ce qui est contraire au bien, ce qui est mauvais, nuisible, désavantageux, préjudiciable, etc.', ""Ce qui est contraire à la vertu, à la probité, à l'honneur."", 'Douleur physique, maladie.', 'Peine, travail, difficulté.', 'Répugnance.', 'Chagrin.', 'Dommage, perte.', 'Médisance.', 'Interprétation défavorable et fausse donnée à quelque chose.']"
Méchamment,"['Avec méchanceté.', 'Fortement.']"
Incorrectement,"[""D'une manière incorrecte.""]"
Défavorablement,"[""D'une manière défavorable, fâcheuse.""]"
Inadéquatement,"[""Qui ne rend pas compte de son objet de manière exhaustive en compréhension et en extension.""]"
Improprement,"[""D'une manière impropre, en parlant du langage.""]"
Tenir,"['Avoir en main, entre les bras, de manière à ne pas laisser aller.', 'Laisser.', 'et Diriger, gouverner, mener.', 'Suivre.', 'Avoir.', 'Posséder et ne pas lâcher.', 'Utiliser.', 'Dire.', 'Maitriser.', 'Prendre.', ""Se dit aussi, dans le langage familier, uniquement pour attirer l'attention."", 'Pour avertir :', 'Pour marquer la surprise :', ': Tiens, le voilà qui passe.', "": Tiens, je ne m'attendais pas à cela."", 'En termes de Manège,', 'et', 'En termes de courses,', 'et', 'Signifie encore être maître de, avoir en son pouvoir.', 'et', ""Se dit aussi des Choses et signifie Retenir, empêcher de s'en aller, de tomber."", 'En termes de Musique,', 'Signifie aussi Posséder, occuper.', ""Signifie, au figuré, être redevable d'une chose à quelqu'un, lui en avoir l'obligation."", ""Se dit encore des maladies tant du corps que de l'esprit, et de différentes passions de l'âme dont on est comme possédé ou saisi."", ""Signifie aussi Occuper, remplir, en parlant de l'Espace."", 'En termes de Guerre,', 'En termes de marine,', ""Se dit encore en parlant de certains lieux que l'on occupe, de certaines choses dont on fait métier ou profession, pour l'utilité et la commodité du public."", ""Se dit en parlant de l'Ordre dans lequel les personnes ou les choses sont placées, du rang qu'elles occupent, soit en fait, soit dans l'opinion des hommes."", ""Se dit en parlant d'un Emploi qu'on occupe, d'une fonction qu'on remplit."", 'En termes de Théâtre,', 'En termes de Musique,', 'et', ""Se dit en parlant des assemblées, des fonctions publiques, soit ordinaires, soit extraordinaires, qui regardent le gouvernement et la politique d'un état."", 'Signifie en outre Mettre et garder en quelque lieu.', 'Signifie encore Contenir, renfermer ou être susceptible de contenir, de renfermer.', 'Il signifie également Retenir, arrêter, empêcher de faire, de dire.', ""Maintenir, conserver, entretenir; faire qu'une personne ou qu'une chose demeure dans un certain état, dans une certaine situation."", 'et', 'Ne pas laisser faiblir.', 'Occuper durant quelque temps.', 'Réputer, estimer, croire.', 'Signifie aussi Professer.', ""Il signifie de plus Saisir par l'esprit, par l'intelligence."", ""Il s'emploie encore dans diverses expressions particulières :"", 'En termes de Jeu,', 'Être attaché à quelque chose, être difficile à ôter, à arracher ou à déplacer.', ', en termes de Dévotion,', 'Dépendre, résulter, provenir de.', 'Il se dit aussi impersonnellement des conditions qui permettent ou empêchent de faire quelque chose.', 'Signifie encore être contigu.', ""Il signifie aussi Résister, tant au propre qu'au figuré."", 'Subsister sans aucun changement, sans aucune altération, demeurer dans un certain état.', ', et', 'En termes de Chasse,', 'Être compris, contenu dans un certain espace.', ""En parlant d'un enfant par rapport à ses parents, signifie leur ressembler par la figure, les manières, les goûts, le caractère, etc."", 'Participer; offrir une ressemblance, avoir un rapport avec quelque chose.', 'Précédé de en, il signifie être touché, être affecté.', 'En termes de Chasse,', ""S'emploie ainsi, familièrement, au figuré."", ""Suivi de pour, il signifie être partisan de, être d'un sentiment, d'une opinion; croire au succès de quelqu'un, de quelque chose.""]"
Attraper,"['Prendre à une trappe, à un piège ou à quelque chose de semblable.', 'Prendre sur le fait, surprendre.', 'Surprendre artificieusement ou tromper avec malice.', '…', 'Faire éprouver un mécompte, une surprise désagréable.', 'Atteindre en courant, en allant après, ou saisir au passage.', 'On le poursuivra si vivement que, selon toutes les apparences, on le prendra.', 'contracter, être atteint.', 'Obtenir, se procurer quelque chose par ruse, par adresse, par quelque manœuvre.', 'Être favorisé par le sort dans une distribution, dans un partage.', ""Se dit, au propre et au figuré, en parlant de toute distribution dont beaucoup devraient profiter, mais où le plus grand nombre, écarté par la force ou l'adresse des autres, ne peut avoir aucune part."", 'Sud de la France Attacher, accrocher, en parlant de nourriture cuisant dans un récipient.', 'Frapper, heurter.', 'Manège Se donner des atteintes en marchant.', ""Se dit, en parlant des pensées ou des caractères, des ressemblances que l'on saisit pour les exprimer, les rendre, les reproduire.""]"
Saisir,"['Prendre vivement, rapidement, délibérément, avec vigueur.', 'Prendre une chose de manière à pouvoir la tenir, la porter, à ne pas la laisser échapper.', 'Inscrire de façon à avoir une trace tangible, comptabiliser, noter.', 'Discerner, concevoir nettement, comprendre.', 'Représenter, croquer avec exactitude, esquisser avec précision.', 'Commencer la cuisson à feu vif.', ""S'emparer vivement et fortement d'une personne, en parlant des maux du corps, des maladies, des passions, des sentiments."", 'Confisquer, arrêter, retenir par voie de saisie.', 'Mettre en possession de.', ""S'emparer, se rendre maître d'une personne ou d'une chose.""]"
Agripper,"['Saisir avidement.', 'Se saisir avidement.']"
Empoigner,"['Prendre et serrer avec le poing.', ""Saisir quelqu'un pour l'arrêter ou l'expulser d'un endroit."", 'Attaquer, quereller, injurier.', 'Saisir fortement, émouvoir profondément.']"
Maintenir,"['Tenir ferme et fixe.', 'Conserver dans le même état.', 'Affirmer, soutenir.', 'Garder soi-même le même état.', 'Conserver un poste, une position, un emploi.']"
Prendre,"['Saisir, mettre en sa main.', ""Saisir une chose, l'enlever, la tirer à soi autrement qu'avec la main."", 'Saisir les choses avec leur gueule, leur bec, leurs griffes, etc., en parlant des animaux', 'Mettre sur soi, en parlant des habits, des vêtements.', 'Commencer à porter.', 'Emporter avec soi certaines choses par besoin ou par précaution.', ""Emporter en cachette ou de force, ôter à quelqu'un ce qu'il possède, le lui dérober."", ""S'emparer, se saisir par force d'une chose ou d'une personne."", ""jeu Enlever à l'adversaire."", ""Faire des levées d'hommes."", ""Arrêter quelqu'un pour le conduire en prison."", 'Butiner à la guerre, y faire des prisonniers.', ""Se rendre maître par la force des armes ou autrement, d'une place forte."", 'Attraper à la chasse ou à la pêche.', 'Poursuivre et saisir un gibier, en parlant des animaux de chasse, des oiseaux de proie, des prédateurs.', ""S'emparer de quelqu'un, gagner quelqu'un en s'attaquant à son esprit, à son cœur, à ses sens."", 'Surprendre.', 'Attaquer, aborder.', 'Manger, boire, avaler, absorber, en parlant des aliments, des boissons, des médicaments solides ou liquides.', 'Faire usage pour sa santé, pour son agrément, etc.', 'Se faire contaminer par contagion, en parlant des maladies.', 'Atteindre par surprise', 'Fixer sur le corps', 'Contracter, adopter.', 'Se donner, employer , en parlant de titres, de qualités, de noms.', 'Acquérir, acheter.', ""Demander, percevoir un prix pour quelque chose que l'on vend."", 'Recevoir, accepter.', 'Emprunter, tirer de.', ""Engager des personnes, ou s'engager avec elles, sous certaines conditions."", ""Joindre quelqu'un en quelque endroit, pour se rendre ailleurs avec lui."", 'Emmener avec soi.', ""Recueillir,  donner l'hospitalité."", ""Ôter, retirer, retrancher une partie d'un tout."", 'Retrancher de quelque chose pour subvenir à autre chose.', ""Se charger d'une chose, entrer en possession, en jouissance d'une chose à certaines conditions."", ""Charger quelque chose,  recevoir quelqu'un, à bord."", ""Engager et conduire, en parlant d'une affaire."", 'Choisir, préférer, adopter de préférence, se décider pour.', ""Choisir une route, un chemin, s'y mettre en marche, en parlant particulièrement de ceux qui voyagent, qui cheminent."", 'Entrer dans un chemin qui se présente au choix.', 'Utiliser un mode de locomotion qui se présente au choix.', ""Couper, utiliser, façonner, de certaines façons, en parlant des étoffes, des viandes, et plus généralement ce que l'on coupe ou tranche avec art."", ""Entendre, comprendre, concevoir, expliquer, interpréter, considérer d'une certaine manière."", 'Adopter, soutenir avec chaleur.', 'Éprouver, en parlant des sentiments, des passions, des affections et des répugnances.', 'Obtenir, recueillir.', ""Déterminer par la mesure, les dimensions , la grandeur d'une chose."", 'Rédiger, relever, fixer sur le papier.', ""S'enraciner, pousser, croître."", ""Réussir, trouver son lectorat, son auditoire, en parlant d'un ouvrage de l'esprit, d'une proposition, d'un compliment, etc."", ""Adhérer, s'attacher, produire son effet."", 'Faire une impression trop forte à la gorge, au nez.', ""Se geler, se coaguler, s'épaissir, se solidifier."", 'Contribuer à un bon ou à un mauvais résultat.', 'Être atteint', ""S'attacher, s'accrocher."", ""Concevoir un sentiment pour quelqu'un."", ""Provoquer, s'attaquer à quelqu'un"", 'Se contracter, en parlant de maladies.', 'Se figer, se solidifier.']"
Accepter,['Agréer ce qui est offert.']
Adopter,"[""Choisir quelqu'un pour fils ou pour fille et lui en donner les droits civils en remplissant certaines conditions prescrites par la loi."", ""Prendre soin d'un enfant - sans formes légales - comme si c'était son fils ou sa fille."", 'Admettre, accepter, recevoir comme sien un sentiment, un avis, un projet.', 'Spécialement Voter (un texte).', 'Choisir de préférence un genre de travail, une manière de faire quelque chose.']"
Recevoir,"[""Accepter, prendre ce qui est donné, ce qui est présenté, ce qui est offert sans qu'il soit dû."", 'Toucher ce qui est dû, en être payé.', 'Se faire procurer ; en parlant de tout ce qui est délivré, fourni,', ""Se faire remettre entre ses mains, se faire parvenir, en parlant des choses qui sont envoyées ou adressées à quelqu'un."", ""Accueillir une ou des des personnes qui sont adressées à quelqu'un."", 'Accepter en parlant des biens qui arrivent, des choses qui sont données, accordées, comme grâce, faveur, récompense, etc., soit par Dieu, soit par les hommes.', 'Être nommé dans une fonction.', ""Subir, éprouver des maux, quelque chose de fâcheux, soit par hasard, soit par la volonté d'autrui."", 'au sens physique & au sens moral Subir, éprouver des impressions, des modifications, etc.', ':* On dit dans une acception analogue :Recevoir un nom, une dénomination, etc.', 'Se faire transmettre, communiquer.', 'Se faire donner des sacrements.', 'Tirer, emprunter, faire venir.', ""Recueillir, contenir les choses qui viennent y aboutir, qui viennent s'y rendre."", 'Recueillir, retenir, en parlant des personnes.', ""Se faire donner certaines paroles ou certains écrits , pour servir d'assurance, de gage, etc."", 'Se faire confier.', 'Accueillir, agréer, accepter.', 'Accueillir des personnes qui viennent à vous.', ':* Il sait recevoir.', ""Admettre chez soi les personnes par qui l'on est visité."", "":* Madame une telle ne reçoit pas aujourd'hui. - Le ministre reçut hier. - On reçoit demain à l'Élysée."", 'Donner retraite, donner asile chez soi.', 'Admettre.', 'Installer dans une charge, dans une dignité, dans un emploi, etc., avec le cérémonial ordinaire.', 'Se soumettre, déférer à quelque chose, comme à une loi, à une règle, à une vérité reconnue.']"
Obtenir,"['Acquérir, atteindre quelque chose, parvenir à ce que quelque chose se produise.']"
Embrasser,"['Serrer, étreindre avec les deux bras.', 'Entourer, contourner.', 'Contenir quelque chose dans toute son étendue.', 'Saisir par le regard, par la pensée quelque chose dans toute son étendue.', 'Manège Serrer avec les cuisses son cheval pour être plus ferme.', ""S'attacher à quelque chose par choix, par préférence."", ""Serrer quelqu'un entre ses bras et lui donner un baiser."", ""Donner un baiser à quelqu'un.""]"
Parler,"['Proférer, prononcer, articuler des mots.', ""Imiter le langage de l'homme, en parlant de certains oiseaux comme les perroquets, les sansonnets, les geais, les pies, etc."", ""Exprimer sa pensée en articulant les mots d'une langue."", ""S'exprimer heureusement sur certains sujets."", 'Adresser la parole, avoir un entretien, converser.', ""S'entretenir de."", 'Révéler, dévoiler quelque chose.', 'Expliquer ses sentiments, sa pensée, déclarer son intention, sa volonté.', ""Intervenir, prendre la parole pour ou contre quelqu'un ou quelque chose."", 'Prononcer un discours, prendre la parole en public.', 'Manifester ses sentiments, ses pensées par un autre moyen que celui de la parole.', 'Provoquer des émotions, des sentiments en parlant des choses qui ont ou qui semblent avoir une sorte de langage.', 'Expliquer sa pensée par écrit.', 'Démontrer/confirmer sa supériorité', ""Se servir d'un langage."", ""S'entretenir de quelque chose, en raisonner, en discourir."", 'Forme de langage particulière à une catégorie sociale, une profession, une région…']"
Dire,"['Exprimer par la parole ou par écrit, réciter, ordonner, indiquer.', 'Énoncer par écrit.', 'Il peut avoir pour sujet un nom de chose.', ""S'emploie souvent dans le sens de Répondre à une objection."", 'Célébrer, chanter, raconter.', 'Débiter, réciter.', 'Juger, croire, penser.', 'Dénoter, signifier, indiquer, marquer.', ""S'emploie en parlant des actions, des gestes, des regards, etc., qui manifestent la pensée de quelqu'un."", ""Surtout usité en parlant de la signification ou de l'emploi d'un mot, d'une locution, d'une phrase."", ""Prétendre, assurer qu'on a une certaine qualité."", ""Ce que l'on dit.""]"
Prononcer,"['Proférer, articuler les lettres, les syllabes, les mots, en exprimer les sons.', '.', 'Réciter, débiter, faire entendre.', 'Déclarer avec autorité, en vertu de son autorité.', 'Il se dit particulièrement lorsque celui qui préside une juridiction, une assemblée, déclare ce qui a été décidé à la pluralité des voix.', '…', ""S'emploie aussi absolument dans les deux sens qui précèdent."", 'Déclarer son sentiment sur quelque chose, décider, ordonner.', ""Peinture Sculpture Bien marquer, rendre très sensible quelque partie d'une figure."", '…', 'Faire voir, manifester son intention, son caractère en quelque affaire, en quelque occasion.', 'Être prononcé.']"
Exprimer,"[""Faire sortir le suc, le jus d'une herbe, d'un fruit, etc., en les pressant."", 'Manifester une pensée, un sentiment, une volonté par tel ou tel moyen, en particulier par le langage.', 'Exprimer ses sentiments, énoncer sa pensée.', ""Fabriquer l'ARN, dont il contient la séquence, en parlant d'un gène.""]"
Articuler,"['Prononcer distinctement des sons.', 'Joindre une partie à une autre.', 'Énoncer article par article le détail des faits qui sont introduits en justice.']"
Communiquer,"['Rendre commun à, faire part de, transmettre.', 'Transmettre.', "": Communiquer son savoir, ses lumières, ses vertus à quelqu'un."", ': Il communique sa gaieté, sa joie, sa douleur, sa tristesse à tout le monde.', 'Donner communication de quelque chose, faire connaître.', ""Entrer facilement en conversation avec quelqu'un."", 'Se mettre en relation avec.', 'Être en rapport au moyen de.']"
Partir,"[""Diviser en plusieurs parts. On ne l'emploie plus guère en ce sens qu'à l'infinitif dans cette phrase :"", 'Tirer son origine, avoir son commencement.', 'Émaner.', 'Quitter un lieu pour un autre.', ""Se mettre à courir et, en parlant des animaux, des oiseaux, prendre sa course, s'envoler."", 'Sortir avec impétuosité.', 'Commencer, démarrer.', 'Détonner, se détendre brusquement, etc.', 'Quitter ce monde, mourir.']"
Éloigner,"[""Écarter une chose ou une personne d'une autre ; mettre, porter, ou envoyer loin de, en parlant des distances, comme du temps."", 'Se mettre loin de, à distance de.', 'Manquer à ses obligations vis-à-vis de.', 'Différer de.', 'Différer de.', ""N'avoir pas l'intention ou le pouvoir."", 'Être loin de.']"
Voyager,"[""Faire un voyage, se déplacer selon un itinéraire d'une certaine longueur à destination d'une autre ville, d'un autre pays."", 'et ,', ""Se dit, par analogie, de certains oiseaux qui vont d'un pays dans un autre."", ""Il se dit aussi des objets et signifie être transporté d'un lieu à un autre.""]"
Embarquer,"['Mettre dans une barque, dans un navire, dans un vaisseau, en parlant des hommes, des armes, des vivres, des marchandises, etc.', 'Faire monter dans un véhicule.', ""Laisser entrer de l'eau, en parlant d'un bateau, ou de l'eau qui entre dans le bateau."", 'Entrer dans un vaisseau ou dans quelque autre bâtiment pour faire route.', 'en mauvaise part Engager à quelque chose, ou dans une affaire .']"
Se déplacer,"['Aller à un autre lieu, changer de place.']"
Démarrer,"['Détacher ce qui est amarré.', ""Se dit d'un navire qui rompt ses amarres par accident."", ""Quitter le port en parlant d'un bâtiment."", 'Se mettre en marche, en parlant de tout moyen de locomotion et de transport.', ""Quitter une place, en parlant de personnes. On l'emploie surtout avec la négation.""]"
Chercher,"[""Se donner du mouvement, du soin, de la peine pour découvrir quelqu'un ou quelque chose."", 'Il se dit aussi des choses inanimées.', ""Tâcher de se procurer quelqu'un ou quelque chose, faire des efforts pour obtenir un certain résultat."", 'Manquer de naturel, rechercher.', ""Quand il est précédé du verbe aller, envoyer ou venir il signifie souvent aller trouver, venir trouver quelqu'un ou quelque chose, et se dit tant au propre qu'au figuré."", 'Chercher la bataille, vouloir se battre, vouloir le conflit.', ""Tâcher, s'efforcer de.""]"
Rechercher,"['Chercher de nouveau.', 'Chercher avec soin.', ""Enquêter sur les actions ou la vie de quelqu'un; Faire une enquête pour exercer des poursuites criminelles."", ""Tâcher de se procurer, d'obtenir."", 'Désirer de voir, de connaître, de fréquenter, en parlant des personnes.']"
Explorer,"[""Parcourir une région inconnue qu'on vient de découvrir pour en connaître la situation, l'étendue, les mœurs, etc."", ""chirurgie Visiter, examiner les parties intérieures du corps, malades ou suspectes, à l'aide d'instruments ou de procédés spéciaux.""]"
Fouiller,"['Pratiquer un creux dans la terre.', 'Creuser la terre en vue de chercher, de découvrir ce qui y est enfermé.', 'Explorer avec soin.', ""Examiner les poches ou les vêtements de quelqu'un pour y chercher quelque chose qu'il y aurait cachée."", ""Faire d'actives recherches pour un travail scientifique ou autre."", ""Travailler avec le ciseau les parties renfoncées d'une statue, d'un bas-relief, etc."", 'Donner de la force aux touches et aux ombres qui représentent les enfoncements.', 'Travailler avec soin, dans le détail']"
Découvrir,"['Enlever ce qui protège.', 'Laisser voir ce qui était caché.', ""Trouver ce qu'on cherchait.""]"
Trouver,"[""Rencontrer ce que l'on cherche."", 'Rencontrer par hasard.', 'Surprendre.', ""Découvrir, inventer par le moyen de la méditation ou de l'étude."", ""Remarquer, reconnaître en quelqu'un ou en quelque chose une qualité bonne ou mauvaise."", 'Estimer, juger.', 'Se rencontrer en un lieu, y être, en parlant des personnes et des choses.', 'Impersonnellement,', ': Il se trouva un homme assez hardi pour lui dire la vérité.', "": Lorsque nous croyions finir cette affaire, il se trouva qu'on y mit de nouveaux obstacles."", ""Se dit, par rapport à l'état, à la situation d'une personne ou d'une chose.""]"
Chaud,"['De température plus haute que la normale, de température élevée.', 'Qui a ou qui donne de la chaleur, calorifère.', 'En parlant de certains vêtements.', 'Ardent, zélé, passionné.', ""Brillant et vigoureux, tirant vers le rouge, l'orange ou le jaune."", 'Sanglant.', 'Qui donne un sentiment de danger.', 'Prompt, qui se met facilement en colère.', ""Récent , qui n'a pas encore eu le temps de refroidir."", 'En chaleur, en rut.', 'Nucléaire radioactif.', 'Chaudement.', 'Chaleur.']"
Brûlant,"[""En train de brûler, d'être consumé par les flammes. Participe présent du verbe brûler."", 'Qui est trop chaud pour être supporté ; extrêmement chaud au toucher.', 'Qui exacerbe les émotions.', ""Pyrosis, sensation de brûlure au niveau de l'œsophage.""]"
Bouillant,"['Qui bout.', ""Qui est prompt, vif, ardent, en parlant d'une personne."", 'Petit pâté de hachis de  volaille.', 'Des verbe bouillir et rarement bouiller.']"
Torride,"['Qui est brûlant, excessivement chaud.']"
Fiévreux,"['Qui cause la fièvre.', 'Qui a tendance à avoir de la fièvre.', 'Qui a de la fièvre.', 'Qui est soumis à une agitation intense et désordonnée', 'Personne ayant de la fièvre.']"
Étouffant,"[""Qui fait que l'on étouffe."", 'Du verbe étouffer.']"
Froid,"[""Qualifie ce qui nous donne la sensation d'une température notablement inférieure à la nôtre."", 'Qui est privé de chaleur.', 'Quelquefois Refroidi.', ""Qui est flegmatique, réservé, indifférent, qui ne s'émeut point ou qui paraît ne point s'émouvoir."", ""Se dit de l'air, du ton, des discours, dans un sens analogue à celui qui précède."", ""Qui n'a rien d'animé, de touchant, d'intéressant, de piquant, en parlant des personnes ou des ouvrages ou des traits d'esprit."", ""Arts plastiques Qui manque de feu, d'âme, d'expression."", ""Qui manque d'éclat et de vivacité dans les tons, dans les couleurs, dans le coloris."", 'état de ce qui est froid.']"
Glacial,"[""Qui glace, qui pénètre d'un froid vif. - Note : Il n'a pas de pluriel au masculin."", ""Qui est d'une extrême froideur, qui déconcerte, qui paralyse.""]"
Gelé,"[""Transformé en glace, en parlant d'eau."", 'Du verbe geler.']"
Frigorifié,['Participe passé masculin singulier du verbe frigorifier.']
Frais,['Qui est légèrement froid.']
Hivernal,"[""Qui appartient à l'hiver.""]"
Fatigué,"['Participe passé du verbe fatiguer.', 'Qui a besoin de repos.', 'Usé, usagé.', 'Provence Malade']"
Épuisé,"[""Dont il ne reste plus aucun exemplaire à vendre chez l'éditeur, en parlant d'une édition, d'un tirage, etc."", ""Qui ne peut plus rien produire de nouveau, en parlant d'un esprit, d'une imagination usés."", 'Participe passé masculin singulier du verbe épuiser.']"
Lasser,"['Rendre las.', "":* Une trop grande contention lasse l'esprit. - Il a lassé ma patience. - Vous lassez ma bonté, mon indulgence. - L'esprit se lasse par une trop grande application. - La patience se lasse."", ""Importuner jusqu'au dégoût."", 'Prendre au lasso.']"
Harasser,"[""Fatiguer à l'excès.""]"
Affaibli,"['Participe passé du verbe affaiblir.', ""En parlant d'une personne, physique ou morale : rendu faible, diminué physiquement, moralement ou intellectuellement."", ""En parlant d'une sensation, d'un sentiment, d'une perception : diminué, atténué."", 'Personne physiquement ou moralement diminuée ou amoindrie, personne en état de faiblesse intellectuelle.', 'Participe passé masculin singulier du verbe affaiblir.']"
Chanter,"['Exécuter une partie ou un morceau de musique vocale.', 'Publier, célébrer, raconter.', 'Former avec la voix une suite de sons variés, selon les règles de la musique.', 'Faire son cri en parlant des oiseaux et de la cigale.', ""Réciter, déclamer ou lire d'une manière qui n'est pas naturelle et qui approche du chant."", ""Exécuter la partie mélodique d'un morceau de musique, en parlant des instruments,  par opposition à ceux qui ne font qu'accompagner.""]"
Vocaliser,"['Parcourir en chantant une échelle de sons pour se former la voix, faire des exercices de chant sans nommer les notes.', 'Faire en chantant un trait sur lequel on ne prononce aucune syllabe.']"
Entonner,"['Mettre un air sur le ton.', ""Chanter le commencement, les premières paroles d'une hymne, d'un psaume, d'une antienne, d'un air, etc."", 'Verser un liquide dans un tonneau.', ""Pénètrer, s'engouffrer avec impétuosité.""]"
Moduler,"['Articuler, émettre une mélodie, un son varié, par une suite de modulations.', 'Effectuer une ou plusieurs modulations.', ""Faire varier les caractéristiques d'un courant électrique, d'une onde."", 'Convertir des données numériques en signaux analogiques.', 'Adapter quelque chose à différents cas particuliers.']"
Fredonner,"['Faire des fredons.', ""Chanter entre ses dents, sans articuler d'une manière distincte et sans y apporter d'attention."", 'Chanter entre ses dents.']"
Interpréter,"[""Traduire d'une langue en une autre. On dit plutôt aujourd'hui traduire dans ce sens."", ""Expliquer ce qu'il y a d'obscur et d'ambigu dans un écrit, dans une loi, dans un acte."", 'Législation …', ""Dans une acception plus étendue, expliquer, deviner une chose par induction ou tirer d'une chose quelque indication, quelque présage, etc."", 'Prendre des paroles ou des actes de bonne ou en mauvaise part.', ""En termes d'art dramatique,""]"
Jouer,"[""Se récréer, se divertir, s'amuser."", ""S'amuser à un jeu quelconque."", 'Passer le temps ou trop de temps, à des jeux de commerce ou de hasard.', 'Exploiter une situation, un sentiment, une idée pour en tirer parti.', 'Spéculer.', ""Se servir de l'instrument qui est nécessaire pour jouer à tel ou tel jeu."", ""Se servir d'un instrument de musique, en tirer des sons."", ""Se mouvoir, avoir l'aisance et la faculté du mouvement. En ce sens, il se dit surtout des ressorts, des machines, etc."", ""S'appliquer."", 'Faire du théâtre.', 'Se recréer, se divertir. Il se dit quelquefois, poétiquement, des Choses.', ""Attaquer inconsidérément quelqu'un."", ""Dédaigner, regarder quelqu'un ou quelque chose comme négligeable, témoigner qu'on n'en fait point de cas."", 'Hasarder des sommes ou des objets de valeur au jeu.', '…', '…', '…', '…', 'On dit également.', 'Se livrer à tel ou tel jeu, avec une ou plusieurs personnes.', 'En termes de jeu de Paume,', '…', 'Mettre en jeu une carte ou une couleur dans laquelle on joue.', 'En outre Exécuter un air, un morceau de musique sur un instrument, avec des instruments.', ""Représenter, et se dit en parlant soit de la Pièce de théâtre qu'on représente, soit du Personnage qu'on est chargé d'y représenter."", ""On dit ironiquement dans le sens de Railler quelqu'un, le tourner en ridicule sur le théâtre :"", 'Faire des actions plaisantes pour exciter à rire.', ""Feindre des sentiments qu'on n'a pas."", '…', '…', ""Imiter une chose, en prendre l'apparence.""]"
Amuser,"['Divertir par des choses agréables.', 'Faire perdre le temps, distraire.', 'Repaître de vaines promesses, de fausses espérances.']"
Folâtrer,"[""Se comporter, agir et parler d'une manière folâtre, badine.""]"
Badiner,"[""Plaisanter, prendre quelque chose à la légère, parler ou écrire d'une manière enjouée."", 'Pour un cheval, jouer avec son mors.', ""Voltiger, s'agiter au moindre vent,  pour des parures légères, des ornements ajustés.""]"
Déconner,"[""Se retirer du con (du sexe) d'une femme, une fois l'acte sexuel accompli."", 'Faire ou dire des bêtises, des conneries.', ""S'amuser, oublier les bonnes manières, se défouler."", 'Plaisanter.', 'Ne pas fonctionner, avoir un défaut.']"
Mimer,"['Géant de la mythologie scandinave, gardien de la fontaine de la sagesse (la fontaine de Mimer).']"
Caser,"['Mettre dans une case.', 'Ordonner les idées dans la tête.', ""Établir quelqu'un tant bien que mal dans tel ou tel lieu."", ""Établir quelqu'un dans telle ou telle fonction."", 'Jeu de trictrac Remplir une case avec deux dames.', ""Se placer, s'établir, se marier.""]"
Placer,"['Situer, mettre dans un lieu.', 'positionner dans une liste', ""Il se dit absolument, en parlant de Celui qui est chargé de donner, d'indiquer les places, dans une cérémonie, dans une assemblée."", 'Au jeu de Paume et au jeu de Tennis,', 'Manège', ""Trouver le moyen d'exprimer"", 'attribuer avec discernement', 'investir', 'trouver une situation à (une personne)', 'placé (uniquement au participe passé à sens passif): être situé', ',', 'Courses', ""Mot emprunté de l'espagnol, par lequel on désigne les emplacements où l'on trouve de l'or.""]"
Installer,"[""Mettre solennellement en possession d'une place, d'un emploi, d'une dignité."", ""Placer, disposer quelqu'un ou quelque chose à un endroit.""]"
Loger,"['Séjourner, avoir sa demeure habituelle ou temporaire dans un logis.', '…', '…', 'Mettre.', ""Se dit particulièrement du vin ou des liqueurs, vendus en bouteille ou en fût, sans qu'on ait à payer le récipient qui les contient."", 'et  et ,', ""Donner la retraite, le couvert à quelqu'un dans un logis."", '…']"
Mettre,"[""Disposer, placer, positionner ou poser quelque chose. S'emploie souvent dans des expressions toutes faites :"", ""Mettre de l'ordre : Ranger, mettre à leur place des choses qui sont en désordre."", 'Mettre en valeur : Présenter, en insistant sur les bons aspects.', ""Mettre en examen : Décider d'enquêter sur une personne suspecte dans un crime ou délit. Similaire à accuser."", ': M. X a été mis en examen.', 'Mettre à la porte : Renvoyer, expulser.', 'Mettre à part : Séparer du reste.', ""Mettre de côté : Séparer du reste, souvent s'en servir plus tard."", ': M. X a mis sa part de côté.', 'Mettre à la retraite :', 'Mettre un doigt : Enculer.', ': ""Va t\'faire mettre, connard !""', ""Mettre quelqu'un au placard, sur une tablette :  : se débarrasser de quelqu'un en confinant ses mouvements ou ses actions."", ""Mettre en cause : Soupçonner d'être la cause d'un méfait, accuser."", ""Mettre à disposition : Autoriser l'emploi d'un objet ou d'une ressource."", ""Mettre à l'index : Inclure sur une liste -l'index- d'ouvrages prohibés."", 'Mettre du temps : Demeurer :', ""Tout comme les verbes de mouvement, mettre gouvernant un verbe à l'infinitif prend un sens final (cette tournure, littéraire, est le plus souvent remplacée aujourd'hui par mettre à régissant un verbe à infinitif, ce que les puristes désapprouvent) :""]"
Arranger,"[""Mettre dans un certain ordre, dans l'ordre convenable."", 'Remettre en ordre, replacer de façon adéquate ou harmonieuse.', 'Disposer, organiser, transformer, adapter dans un certain but.', 'Mettre sur pied, organiser.', 'Adapter à son goût ou à ses convenances personnelles sans souci de la vérité.', '(figuré) Procurer facilités ou agrément.', 'Maltraiter, mettre en piteux état, arnaquer, tromper.', ""Faire un travail d'arrangement musical."", 'Evoluer dans un sens favorable.', 'Prendre ses dispositions, se débrouiller pour arriver à un résultat.', ""S'accommoder, prendre son parti de qulque chose."", ""Régler par voie de conciliation, mettre d'accord."", 'Ordonner avec goût sa toilette, sa coiffure, etc.', ""S'améliorer, devenir plus séduisant.""]"
Écouter,"[""Faire attention, prêter l'oreille pour entendre."", '…', '…', ""Prêter l'oreille, prêter attention avec plus ou moins de bienveillance."", ""Donner quelque croyance, quelque consentement à ce qu'une personne propose ou Prendre plaisir à l'entendre."", ""Obtempérer, obéir à quelqu'un."", 'Regarder (un film, la télévision)', ""S'emploie dans les phrases familières qui suivent :""]"
Ouïr,"['(Vieux) Ancien verbe signifiant entendre .', 'Procédure judiciaire ou administrative Recevoir des dépositions, des déclarations publiques des différentes parties.']"
Entendre,"['Percevoir un son.', ""Percevoir un son qui n'existe pas."", ""Écouter d'une oreille attentive."", 'Comprendre.', ""Apprendre, prendre connaissance de quelque chose (l'objet désigne soit un propos, un message, un rapport destiné au sujet, soit la personne qui le lui adresse)."", 'Administration Consulter.', ""Recueillir les dépositions d'un témoin, d'un accusé dans une des phases de la procédure de jugement."", ""(En parlant d'un prêtre) Écouter la confession d'un pécheur."", ""Assister à un spectacle public en tant qu'auditeur (sens actif : donner)."", 'Exaucer.', ""Être d'accord."", 'Vouloir dire.', 'Exiger.', ""Vouloir, avoir l'intention de."", ""Savoir ce qu'on veut dire."", ""Se comprendre l'un l'autre."", 'Sens passif Être audible.', 'Sens passif Être compréhensible.', ""Se concerter avec quelqu'un."", ""Agir de concert.  Avoir avec quelqu'un une intelligence secrète."", 'Sympathiser, vivre en bonne intelligence avec lui.', ""S'entendre à une chose, La savoir bien faire, s'y prendre bien."", ""S'entendre en musique, en tableaux, etc., S'y bien connaitre.""]"
Percevoir,"[""Recevoir, recueillir certaines choses, comme les revenus d'une propriété, des droits, des impôts, etc."", ""Prendre connaissance des objets qui ont fait impression sur les sens et en concevoir l'idée.""]"
Attendre,"[""Ne pas bouger, rester là où l'on est pour la venue de quelque chose ou de quelqu'un."", ""Différer une action jusqu'à une limite temporelle."", 'Être prêt, préparé pour une action.', ""Souhaiter ou se préparer à la survenue d'un évenement."", 'Se dit de certaines choses qui menacent une personne ou qui lui sont destinées, réservées.', 'Espérer, se promettre ou prévoir quelque chose.', 'Prévoir ou imaginer quelque chose.']"
Recevoir,"[""Accepter, prendre ce qui est donné, ce qui est présenté, ce qui est offert sans qu'il soit dû."", 'Toucher ce qui est dû, en être payé.', 'Se faire procurer ; en parlant de tout ce qui est délivré, fourni,', ""Se faire remettre entre ses mains, se faire parvenir, en parlant des choses qui sont envoyées ou adressées à quelqu'un."", ""Accueillir une ou des des personnes qui sont adressées à quelqu'un."", 'Accepter en parlant des biens qui arrivent, des choses qui sont données, accordées, comme grâce, faveur, récompense, etc., soit par Dieu, soit par les hommes.', 'Être nommé dans une fonction.', ""Subir, éprouver des maux, quelque chose de fâcheux, soit par hasard, soit par la volonté d'autrui."", 'au sens physique & au sens moral Subir, éprouver des impressions, des modifications, etc.', ':* On dit dans une acception analogue :Recevoir un nom, une dénomination, etc.', 'Se faire transmettre, communiquer.', 'Se faire donner des sacrements.', 'Tirer, emprunter, faire venir.', ""Recueillir, contenir les choses qui viennent y aboutir, qui viennent s'y rendre."", 'Recueillir, retenir, en parlant des personnes.', ""Se faire donner certaines paroles ou  certains écrits , pour servir d'assurance, de gage, etc."", 'Se faire confier.', 'Accueillir, agréer, accepter.', 'Accueillir des personnes qui viennent à vous.', ':*  Il sait recevoir.', ""Admettre chez soi les personnes par qui l'on est visité."", "":*  Madame une telle ne reçoit pas aujourd'hui. - Le ministre reçut hier. - On reçoit demain à l'Élysée."", 'Donner retraite, donner asile chez soi.', 'Admettre.', 'Installer dans une charge, dans une dignité, dans un emploi, etc., avec le cérémonial ordinaire.', 'Se soumettre, déférer à quelque chose, comme à une loi, à une règle, à une vérité reconnue.']"
Voir,"[""Percevoir à l'aide des yeux."", 'Comprendre.', 'Étudier, apprendre.', 'Se reporter à, lire.', ""Avoir une entrevue avec quelqu'un."", 'Consulter une personne.', ""Fréquenter quelqu'un."", 'Avoir une relation', ""(Avec la négation) Ne pas supporter quelqu'un."", 'Vivre pendant (le complément désigne une période, une époque).', ""S'utilise après un premier verbe pour renforcer le sens, dans certaines formules, uniquement aux personnes de l'impératif : voyons voir, écoute voir, dis voir, viens voir, demande-lui voir, etc."", ""De décider, d'agir.""]"
Apercevoir,"['Commencer à voir.', 'Remarquer, comprendre.', ""Remarquer une chose qui avait échappé d'abord.""]"
Observer,"['Accomplir, suivre ce qui est prescrit par une loi, par une règle.', 'Regarder avec attention, surveiller, épier.', ""Considérer avec application, en vue d'une étude, les choses physiques ou morales."", ""Remarquer, en parlant de ce qui attire l'attention."", 'Se surveiller, être fort circonspect dans ses actions, dans ses paroles.', ""Se surveiller l'un l'autre.""]"
Regarder,"[""Avoir les yeux, la vue sur quelqu'un ou quelque chose."", 'Regarder sa propre image.', 'Se regarder dans les yeux.']"
Percevoir,"[""Recevoir, recueillir certaines choses, comme les revenus d'une propriété, des droits, des impôts, etc."", ""Prendre connaissance des objets qui ont fait impression sur les sens et en concevoir l'idée.""]"
Distinguer,"[""Discerner par l'un des sens."", ""Discerner par l'opération de l'esprit."", ""Séparer nettement une chose d'une autre selon ce qu'elle a de propre, de spécial."", 'Rendre nettement manifeste, discernable.', 'Élever au-dessus des autres, tirer du commun, rendre remarquable.', 'Remarquer, préférer.', 'Traiter avec égards.']"
Savoir,"[""Ce que l'on sait."", ""Avoir dans l'esprit, connaître."", ""Être (intellectuellement ou physiquement) capable de, pouvoir : savoir nager, savoir faire du vélo, savoir bien faire l'amour, etc."", ""À savoir ou savoir (anciennement c'est à savoir, encore signalé par E. Littré), suivis d'une énumération :"", 'pouvoir, avoir la possibilité de faire quelque chose.']"
Connaître,"[""Faire ou avoir fait l'expérience permettant une représentation mentale de quelque chose ou quelqu'un, avoir l'idée, la notion d'une personne ou d'une chose."", ',', ""Faire ou dire quelque chose qui décèle les dispositions, les qualités bonnes ou mauvaises que l'on a."", 'Acquérir une notoriété, une réputation.', ',', ""Se dit aussi en parlant des choses qu'on a étudiées, dont on a une grande pratique, un grand usage, auxquelles on s'entend bien."", 'Se dit, dans un sens analogue, en parlant des personnes.', 'Dans le même sens, mais avec une légère nuance, il se dit pour apprécier, juger.', 'et ,', ""Signifie en outre avoir des liaisons, des relations avec quelqu'un."", ""En termes d'Écriture sainte,"", 'et ,', ""Sentir, éprouver, tant au sens physique qu'au sens moral."", ""Pratiquer une chose, l'admettre, s'y conformer, s'y soumettre ; dans ce sens, il se joint ordinairement avec la négation."", 'Avoir autorité et compétence pour juger de certaines matières. En ce sens, il se construit toujours avec de ou un équivalent.', 'Prendre une juste idée de soi-même, de ses forces, de sa dignité, etc.', ""En parlant des choses, être connu, être perçu d'une façon.""]"
Apprendre,"['Acquérir une connaissance ou un savoir-faire.', 'Contracter une disposition, une habitude.', 'Connaître par une information.', 'Retenir dans sa mémoire.', 'Absolument', 'Enseigner, donner quelque connaissance à une personne, faire savoir.', 'éduquer par la menace.', '(Impersonnel, employé au futur)  donner une leçon, tenir lieu de punition.']"
Comprendre,"['Contenir en soi.', 'Faire entrer dans un ensemble.', ""Embrasser, saisir par l'intelligence."", ""Saisir le sens d'un mot, d'une langue, etc."", 'Concevoir, se faire une juste idée de quelque chose.', ""Se rendre raison d'une chose, en découvrir le motif."", 'Je ne comprends pas comment il peut faire, comment il ose se montrer.', 'Je ne comprends rien à ce langage.', ""Comprendre quelqu'un, Bien saisir les explications, les ordres qu'il donne, la langue qu'il parle, etc."", ""Se rendre raison de la conduite, des discours de quelqu'un."", ""Se dit de deux personnes qui ont une grande connaissance l'une de l'autre, avec une nuance de sympathie, d'intimité.""]"
Percevoir,"[""Recevoir, recueillir certaines choses, comme les revenus d'une propriété, des droits, des impôts, etc."", ""Prendre connaissance des objets qui ont fait impression sur les sens et en concevoir l'idée.""]"
Maîtriser,"[""Avoir ou prendre la maîtrise de quelqu'un, de quelque chose, le gouverner en maître, avec une autorité absolue."", ""Se rendre maître d'une personne ou d'une chose, d'un événement, en contrôler le comportement ou le déroulement."", 'Ne pas laisser transparaître ses sentiments ou ses émotions, réfréner ses réactions.', 'Connaître parfaitement.', 'Sens passif Être maîtrisé.', 'Se dompter soi-même. Dompter son esprit, son imagination, son caractère, son tempérament.']"
Vouloir,"[""Avoir l'intention, la volonté de faire quelque chose, s'y déterminer."", 'Avoir une volonté agissante, efficace.', 'Commander, exiger avec autorité.', ""Avoir autorité sur l'homme, en parlant des choses."", 'Désirer, souhaiter.', 'Permettre, consentir.', 'Prétendre, affirmer avec une grande insistance.', ""Demander un prix d'une chose qu'on veut vendre."", ""Être d'un caractère ou d'une nature à demander, à exiger telle chose ou telle autre."", 'Pouvoir , en parlant des choses inanimées.', ""La rechercher, l'accepter, en parlant d'une chose"", 'Volonté, faculté de vouloir.', '(Avec les adjectifs bon ou mauvais) Bienveillance, malveillance.']"
Désirer,"[""Le fait de vouloir posséder un bien ou un avantage qu'on n'a pas."", 'Souhaiter.', ""Anticipation d'un plaisir futur""]"
Souhaiter,"['Former un souhait.', ""Il s'emploie aussi dans les formules de compliments et lorsqu'on fait des vœux pour quelqu'un.""]"
Aspirer,"[""Attirer l'air extérieur dans ses poumons, par opposition à expirer."", ""Action par laquelle une pompe attire, élève l'eau en faisant le vide."", 'Prononcer plus ou moins fortement de la gorge.', 'Tendre vers, porter ses désirs vers un objet.']"
Prétendre,"['Soutenir, affirmer, être persuadé de.', 'Vouloir, entendre.', 'Demander, réclamer comme un droit.', 'Aspirer à une chose.']"
Exiger,"[""Demander quelque chose en vertu d'un droit légitime ou prétendu tel."", 'Obliger à certaines choses, astreindre à certains devoirs ; en parlant des choses morales.']"
Ranger,"['Mettre en rang.', 'Mettre en ordre quelque chose, ordonner.', 'Mettre chaque élément à sa place, placer.', 'Classer dans un ordre determiné.', 'Mettre au nombre de.', 'Soumettre.', ""Mettre de côté, déplacer quelqu'un ou quelque chose pour libérer le passage."", 'Passer auprès.']"
Aligner,"['Bâtiments et jardins Ranger, dresser sur une même ligne droite.', 'Disposer exactement en ligne droite.', ""Mettre beaucoup d'ordre, de régularité dans ce qu'on écrit ou ce qu'on dit."", 'Se mettre en ligne pour se battre en duel.', ""Se plier aux exigences d'une autorité.""]"
Disposer,"[""Arranger, mettre dans l'ordre le plus convenable."", 'Approprier, préparer pour une circonstance.', 'Préparer à quelque chose.', ""Engager quelqu'un à faire ce qu'on souhaite de lui."", 'Régler, prescrire, décider.']"
Cacher,"['Mettre (une personne ou une chose) en un lieu où on ne peut pas la voir, la découvrir.', ""Couvrir une chose, empêcher qu'on la voie."", 'Taire, celer, dissimuler.', ""Empêcher que l'on se fasse voir."", 'Je me cache pour ne pas que la police me trouve.', '.']"
Préparer,"[""Apprêter, disposer mettre une chose dans l'état convenable à l'usage auquel on la destine."", '…', '…', '…', '…', ""Faire précéder une chose de quelques précautions pour en assurer l'effet."", ""Mettre dans une disposition propre à atteindre un but qu'on se propose, en parlant de personne.""]"
Fixer,"['Attacher, affermir, rendre immobile, maintenir en place.', 'Supprimer la volatilité de certains corps liquides ou gazeux, par addition ou combinaison avec un autre corps.', 'Rendre inaltérable par un produit ou par un procédé.', 'Arrêter.', ""Rendre permanent par le dessin, la peinture, l'écriture ou tout autre moyen."", 'Faire résider, faire demeurer en quelque lieu.', 'Établir, en parlant de la résidence, du domicile, etc.', 'Régler, déterminer.', ""Faire qu'une personne ou une chose ne soit plus changeante, versatile, indécise, etc.""]"
Oublier,"['Perdre le souvenir de quelque chose.', 'Laisser quelque chose en quelque endroit, par inadvertance.', 'Omettre, manquer à faire mention de quelque chose dans un écrit, dans un discours.', 'Négliger.', 'Manquer à quelque obligation.', 'Ne point conserver de reconnaissance.', 'Ne point garder de ressentiment.', ""En parlant des personnes, négliger quelqu'un, ne pas songer à lui, manquer à lui faire du bien dans une occasion qui se présente."", 'Il se dit aussi par forme de reproche obligeant.', ""Manquer à ce qu'on doit aux autres ou à soi-même."", 'Commettre une incongruité.', 'Ne pas être occupé de soi-même, négliger ses intérêts.', 'Se faire sur soi.', '(Régional) (Loire) Se réveiller en retard.']"
Négliger,"[""Ne pas prendre soin d'une chose dont on devrait s'occuper."", 'Laisser de côté, ne pas mettre en usage, ne pas tenir compte de.', ""Se dit aussi en parlant de quantités fort petites qu'on omet dans un calcul parce qu'elles ne peuvent influer sensiblement sur le résultat, sur le total."", ""N'avoir pas soin de sa personne pour la propreté, pour l'ajustement."", ""S'occuper moins exactement qu'à l'ordinaire de son devoir, de sa profession, de son travail, etc.""]"
Omettre,"[""Manquer,volontairement,à faire ou à dire ce qu'on pouvait, ce qu'on devait faire ou dire.""]"
Ignorer,"['Ne pas connaître.', ""N'avoir pas une juste idée de soi-même, de ses forces."", 'Ne pas pratiquer une chose.']"
Effacer,"['Faire disparaître plus ou moins, en parlant de la forme, des couleurs de quelque chose.', 'Surpasser, éclipser.']"
Abandonner,"[""Ne plus vouloir de quelque chose ou de quelqu'un."", ""Remettre à la discrétion de quelqu'un, de quelque chose."", 'Livrer à.', ""fauconnerie Lâcher l'oiseau de proie dans la campagne pour l'égayer."", 'Cesser une activité sans avoir pu la mener à terme.', 'Venir à nous manquer, en parlant des facultés, des qualités physiques ou morales.', 'Quitter, lâcher.', 'Laisser échapper.', 'Ne pas poursuivre une chose, y renoncer.', 'Remettre, confier.', 'Exposer, livrer. - Note : Dans ce sens, il est toujours suivi de la préposition à.', 'Se remettre à, se laisser aller à, se livrer à.', 'Perdre courage.', 'Se négliger dans son maintien, dans son habillement.', 'Se lancer sans ménagement.', 'Se livrer, succomber.', ""Ralentir son allure, en parlant d'un cheval."", 'Se laisser aller à des mouvements naturels.']"
Lit,"[""Meuble sur lequel on se couche pour dormir, généralement composé d'un cadre de bois ou de métal, qu'on garnit d'un sommier ou d'une paillasse, d'un ou plusieurs matelas, d'un traversin, d'un ou plusieurs oreillers, de draps et de couvertures."", ""Tout lieu où l'on peut se coucher."", 'Cadre de bois ou de métal, indépendamment de la literie.', 'Literie.', 'Couche régulière de matière quelconque.', 'Canal occupé par une rivière, un fleuve.', 'Union, mariage en rapport avec la naissance des enfants.', ""Direction du vent, d'un courant."", 'Du verbe lire.']"
Couche,"['Lit, endroit pour dormir.', ""Ce qu'on fait dans un lit et ce qui en résulte."", ""Temps pendant lequel une femme demeure au lit à cause de l'enfantement."", 'Enfantement.', ""Linge ou bande absorbante à l'usage des enfants qui n'ont pas encore la maîtrise de leurs fonctions naturelles, servant notamment à préserver la literie."", 'Planche relevée, et faite ordinairement de fumier mêlé avec de la terre, pour semer certaines fleurs ou certains légumes.', 'Toute substance qui est étendue, appliquée sur une autre, de manière à la couvrir.', ""Enduit qu'on fait avec des couleurs ou des métaux pour peindre, bronzer ou dorer."", 'Lit de quelque chose.', 'Lit qui compose un terrain.', ""Faible épaisseur de matière à la surface ou au sein d'un film, d'un liquide ou d'un solide."", ""Faible épaisseur de matière à la surface de l'arbre."", ""Première personne du singulier de l'indicatif présent du verbe coucher."", ""Troisième personne du singulier de l'indicatif présent du verbe coucher."", 'Première personne du singulier du subjonctif présent du verbe coucher.', 'Troisième personne du singulier du subjonctif présent du verbe coucher.', ""Deuxième personne du singulier de l'impératif du verbe coucher.""]"
Couchage,"[""Industrie Procédé consistant à étendre sur une feuille de papier, de tissu ou d'autres matériaux tels que l'aluminium, une ou plusieurs couches d'une préparation à base minérale, cellulosique ou plastique, en vue d'en améliorer les qualités."", 'Administration militaire Ce qui sert aux soldats, aux campeurs, pour se coucher.', ""Action d'installer, de répartir les soldats pour passer la nuit.""]"
Berceau,"[""Petit lit où l'on couche les nourrissons et qui est disposé pour que l'on puisse le balancer, le bercer, aisément."", 'Lieu du commencement, du début.', 'Jardinage  Charmille taillée en voûte, treillage de même forme sur lequel on fait monter de la vigne, du jasmin, etc.', 'Arceau.', ""Pièce ou chemin courbé dans le plan vertical pour permettre un changement d'inclinaison (pivotement vertical) sans employer d'essieu."", 'Mines Sorte de lavoir à barrage pour certains minerais.']"
Sommier,"['Bête de somme, principalement cheval de charge.', ""Partie d'un lit sur laquelle repose le matelas, permettant d'obtenir une surface rigide."", ""Pierre qui reçoit la retombée d'une voûte; ou une pièce de bois de charpente qui porte sur deux pieds-droits et sert de linteau à l'ouverture des portes, des croisées, etc."", ""Sorte de coffre dans lequel les soufflets de l'orgue font entrer l'air qui, de là, se distribue dans les différents tuyaux."", ""Barre de bois sur laquelle sont fixées les chevilles qui servent à tendre les cordes d'un clavecin, d'un piano."", 'Dossier de documents judiciaires.']"
Matelas,"[""Pièce de literie rembourrée, souvent posée sur un sommier, qui couvre toute l'étendue d'un lit."", ""Couche épaisse d'un matériau."", 'Une grosse quantité.']"
Musique,"[""Capacité intuitive de l'homme de combiner les sons de façon mélodique, rythmique et harmonique. Il se dit aussi de la théorie de cet art, de la science des sons considérés sous leurs rapports à la mélodie, au rythme et à l'harmonie."", 'Production de sons dans un but artistique.', 'Exécution de la musique, soit avec la voix, soit avec des instruments.', 'Notation de la musique au moyen de signes spéciaux, et des feuilles, cahiers ou livres où elle est notée. Partition.', ""Société philharmonique, ensemble d'exécutants de musique instrumentale."", 'Combinaison de sons rappelant la musique.  Sons agréables.', ""Première personne du singulier de l'indicatif présent du verbe musiquer."", ""Troisième personne du singulier de l'indicatif présent du verbe musiquer."", 'Première personne du singulier du subjonctif présent du verbe musiquer.', 'Troisième personne du singulier du subjonctif présent du verbe musiquer.', ""Deuxième personne du singulier de l'impératif du verbe musiquer.""]"
Mélodie,"[""Suite de sons d'où résulte un chant agréable et régulier."", ""Arrangement de sons, exécutés, entendus successivement dans un même air, par opposition à l'harmonie qui consiste dans l'accord de plusieurs sons exécutées, entendues simultanément."", 'Pièce de musique vocale avec accompagnement.', ""Poésie et prose Qualité harmonieuse d'une suite de mots ou de phrases.""]"
Harmonie,"['Concours et accord de divers sons.', ""Succession d'accords, par opposition à la mélodie."", ""Ensemble d'instruments à vent.  Compagnie de musiciens concertants."", 'Son net, doux ou agréable.', ""En parlant du langage, du style, il signifie concours de sons, de mots qui flattent l'oreille ; nombre, cadence."", 'Harmonie imitative : artifice de style qui consiste à peindre les objets par les sons des mots.', 'Accord parfait et une entière correspondance de plusieurs parties qui forment un tout, ou qui concourent à une même fin.', 'Concorde, en parlant des personnes.', 'Articulation dans laquelle les os sont liés ensemble par des dentelures presque imperceptibles. Cette articulation se remarque surtout à un des os de la face.', ""Première personne du singulier de l'indicatif présent du verbe harmonier."", ""Troisième personne du singulier de l'indicatif présent du verbe harmonier."", 'Première personne du singulier du subjonctif présent du verbe harmonier.', 'Troisième personne du singulier du subjonctif présent du verbe harmonier.', ""Deuxième personne du singulier de l'impératif du verbe harmonier.""]"
Symphonie,"[""Concert d'instruments de musique."", 'Composition musicale destinée à être exécutée par des instruments concertants.']"
Chanson,"['Texte mis en musique, divisé en strophes ou couplets, avec ou sans refrain.', 'Cet texte chanté. - Note : Ce mot implique, par rapport à chant, un côté frivole et léger.', 'Chanson de geste, poème épique du Moyen Âge.', 'Propos futiles, sornettes, discours ou raison frivole.']"
Air,"[""Mélange gazeux constituant l'atmosphère."", 'Souvent au pluriel Zone située au-dessus du sol.', ""Température et qualité de l'air."", 'Vent.', 'Tout gaz invisible.', ""Aéronautique Partie de l'atmosphère où l'homme se meut à l'aide d'appareils construits et aménagés pour le vol."", ""Apparence, comportement. Ne s'emploie que dans certaines constructions."", ""Mélodie chantée ou jouée à l'aide d'un instrument.""]"
Passé,"['Le temps écoulé.', 'Ce qui a été fait ou dit autrefois.', ""Plusieurs temps du verbe exprimant une action qui a eu lieu, ou un état qui a existé dans un temps écoulé par rapport au moment où l'on parle."", ""Point de broderie où la soie ou le coton passent en dessus et en dessous de l'étoffe."", 'Qui est périmé.', ""Qui a été autrefois et qui n'est plus."", 'Qui a perdu sa fraîcheur, son éclat.', 'Relatif au temps verbal qui exprime une action antérieure.', 'Après.', 'Du verbe passer.']"
Antérieur,"['Qui est avant, qui précède dans le temps.', ""Qui est avant, qui précède , par rapport au lieu, dans l'espace.""]"
Ancien,"['Personne âgée.', ""() Ce qui qui a déjà servi, qui n'est pas neuf."", 'Ceux qui ont vécu dans des temps très éloignés de nous.', ""Terme de dignité, parce qu'originairement on choisissait les plus âgés pour remplir les premières places, les fonctions les plus importantes."", ""Personne qui fait partie d'un groupe quelconque depuis longtemps, qui fait partie d'une promotion antérieure."", 'Traditionaliste.', 'Qui existe depuis très longtemps.', 'Antique, concernant une époque historique précédant le Moyen Âge.', ""Précédent, se dit d'un métier, d'un poste, d'un état concernant quelqu'un ou quelque chose autrefois mais plus maintenant."", ""Sylviculure Arbres réservés qui ont plus de trois fois l'âge du taillis dans lequel ils se trouvent, par opposition à moderne."", ""Sert aussi à distinguer un personnage historique d'un autre portant le même nom.""]"
Précédent,"['Qui précède, qui est immédiatement avant. Il se dit ordinairement par rapport au temps.', ""Il se dit aussi par rapport au rang, à l'ordre."", ""Fait, un exemple antérieur qu'on invoque comme autorité."", 'On dit de même :']"
Révolu,"['Cours des planètes et des astres, lorsque, par leur mouvement périodique, ils sont revenus au même point.', 'Périodes de temps et signifie Qui est achevé, complet.']"
Historique,"[""Qui a rapport à l'histoire."", ""Dont le sujet est tiré de l'histoire."", ""Se dit d'actions, d'événements qui ne sont point imaginaires, de faits qui ont réellement eu lieu."", 'Narration des faits dans leur ordre et leurs circonstances.', 'Fichier ou base de données qui enregistre les actions ou opérations successives qui se sont déroulé au cours du temps.']"